filename,class
bird_1.jpg,bird-shadow
bird_2.jpg,bird-shadow
bird_3.jpg,bird-shadow
bird_4.jpg,bird-shadow
bird_5.jpg,bird-shadow
bird_6.jpg,bird-shadow
bird_7.jpg,bird-shadow
bird_8.jpg,bird-shadow
bird_9.jpg,bird-shadow
bird_10.jpg,bird-shadow
bird_11.jpg,bird-shadow
bird_12.jpg,bird-shadow
bird_13.jpg,bird-shadow
bird_14.jpg,bird-shadow
bird_15.jpg,bird-shadow
bird_16.jpg,bird-shadow
bird_17.jpg,bird-shadow
bird_18.jpg,bird-shadow
bird_19.jpg,bird-shadow
bird_20.jpg,bird-shadow
bird_21.jpg,bird-shadow
bird_22.jpg,bird-shadow
bird_23.jpg,bird-shadow
bird_24.jpg,bird-shadow
bird_25.jpg,bird-shadow
bird_26.jpg,bird-shadow
bird_27.jpg,bird-shadow
bird_28.jpg,bird-shadow
bird_29.jpg,bird-shadow
bird_30.jpg,bird-shadow
bird_31.jpg,bird-shadow
bird_32.jpg,bird-shadow
bird_33.jpg,bird-shadow
bird_34.jpg,bird-shadow
bird_35.jpg,bird-shadow
bird_36.jpg,bird-shadow
bird_37.jpg,bird-shadow
bird_38.jpg,bird-shadow
bird_39.jpg,bird-shadow
bird_40.jpg,bird-shadow
bird_41.jpg,bird-shadow
bird_42.jpg,bird-shadow
bird_43.jpg,bird-shadow
bird_44.jpg,bird-shadow
bird_45.jpg,bird-shadow
bird_46.jpg,bird-shadow
bird_47.jpg,bird-shadow
bird_48.jpg,bird-shadow
bird_49.jpg,bird-shadow
bird_50.jpg,bird-shadow
bird_51.jpg,bird-shadow
bird_52.jpg,bird-shadow
bird_53.jpg,bird-shadow
bird_54.jpg,bird-shadow
bird_55.jpg,bird-shadow
bird_56.jpg,bird-shadow
bird_57.jpg,bird-shadow
bird_58.jpg,bird-shadow
bird_59.jpg,bird-shadow
bird_60.jpg,bird-shadow
bird_61.jpg,bird-shadow
bird_62.jpg,bird-shadow
bird_63.jpg,bird-shadow
bird_64.jpg,bird-shadow
bird_65.jpg,bird-shadow
bird_66.jpg,bird-shadow
bird_67.jpg,bird-shadow
bird_68.jpg,bird-shadow
bird_69.jpg,bird-shadow
bird_70.jpg,bird-shadow
bird_71.jpg,bird-shadow
bird_72.jpg,bird-shadow
bird_73.jpg,bird-shadow
bird_74.jpg,bird-shadow
bird_75.jpg,bird-shadow
bird_76.jpg,bird-shadow
bird_77.jpg,bird-shadow
bird_78.jpg,bird-shadow
bird_79.jpg,bird-shadow
bird_80.jpg,bird-shadow
bird_81.jpg,bird-shadow
bird_82.jpg,bird-shadow
bird_83.jpg,bird-shadow
bird_84.jpg,bird-shadow
bird_85.jpg,bird-shadow
bird_86.jpg,bird-shadow
bird_87.jpg,bird-shadow
bird_88.jpg,bird-shadow
bird_89.jpg,bird-shadow
bird_90.jpg,bird-shadow
bird_91.jpg,bird-shadow
bird_92.jpg,bird-shadow
bird_93.jpg,bird-shadow
bird_94.jpg,bird-shadow
bird_95.jpg,bird-shadow
bird_96.jpg,bird-shadow
bird_97.jpg,bird-shadow
bird_98.jpg,bird-shadow
bird_99.jpg,bird-shadow
bird_100.jpg,bird-shadow
bird_101.jpg,bird-shadow
bird_102.jpg,bird-shadow
bird_103.jpg,bird-shadow
bird_104.jpg,bird-shadow
bird_105.jpg,bird-shadow
bird_106.jpg,bird-shadow
bird_107.jpg,bird-shadow
bird_108.jpg,bird-shadow
bird_109.jpg,bird-shadow
bird_110.jpg,bird-shadow
bird_111.jpg,bird-shadow
bird_112.jpg,bird-shadow
bird_113.jpg,bird-shadow
bird_114.jpg,bird-shadow
bird_115.jpg,bird-shadow
bird_116.jpg,bird-shadow
bird_117.jpg,bird-shadow
bird_118.jpg,bird-shadow
bird_119.jpg,bird-shadow
bird_120.jpg,bird-shadow
bird_121.jpg,bird-shadow
bird_122.jpg,bird-shadow
bird_123.jpg,bird-shadow
bird_124.jpg,bird-shadow
bird_125.jpg,bird-shadow
bird_126.jpg,bird-shadow
bird_127.jpg,bird-shadow
bird_128.jpg,bird-shadow
bird_129.jpg,bird-shadow
bird_130.jpg,bird-shadow
bird_131.jpg,bird-shadow
bird_132.jpg,bird-shadow
bird_133.jpg,bird-shadow
bird_134.jpg,bird-shadow
bird_135.jpg,bird-shadow
bird_136.jpg,bird-shadow
bird_137.jpg,bird-shadow
bird_138.jpg,bird-shadow
bird_139.jpg,bird-shadow
bird_140.jpg,bird-shadow
bird_141.jpg,bird-shadow
bird_142.jpg,bird-shadow
bird_143.jpg,bird-shadow
bird_144.jpg,bird-shadow
bird_145.jpg,bird-shadow
bird_146.jpg,bird-shadow
bird_147.jpg,bird-shadow
bird_148.jpg,bird-shadow
bird_149.jpg,bird-shadow
bird_150.jpg,bird-shadow
bird_151.jpg,bird-shadow
bird_152.jpg,bird-shadow
bird_153.jpg,bird-shadow
bird_154.jpg,bird-shadow
bird_155.jpg,bird-shadow
bird_156.jpg,bird-shadow
bird_157.jpg,bird-shadow
bird_158.jpg,bird-shadow
bird_159.jpg,bird-shadow
bird_160.jpg,bird-shadow
bird_161.jpg,bird-shadow
bird_162.jpg,bird-shadow
bird_163.jpg,bird-shadow
bird_164.jpg,bird-shadow
bird_165.jpg,bird-shadow
bird_166.jpg,bird-shadow
bird_167.jpg,bird-shadow
bird_168.jpg,bird-shadow
bird_169.jpg,bird-shadow
bird_170.jpg,bird-shadow
bird_171.jpg,bird-shadow
bird_172.jpg,bird-shadow
bird_173.jpg,bird-shadow
bird_174.jpg,bird-shadow
bird_175.jpg,bird-shadow
bird_176.jpg,bird-shadow
bird_177.jpg,bird-shadow
bird_178.jpg,bird-shadow
bird_179.jpg,bird-shadow
bird_180.jpg,bird-shadow
bird_181.jpg,bird-shadow
bird_182.jpg,bird-shadow
bird_183.jpg,bird-shadow
bird_184.jpg,bird-shadow
bird_185.jpg,bird-shadow
bird_186.jpg,bird-shadow
bird_187.jpg,bird-shadow
bird_188.jpg,bird-shadow
bird_189.jpg,bird-shadow
bird_190.jpg,bird-shadow
bird_191.jpg,bird-shadow
bird_192.jpg,bird-shadow
bird_193.jpg,bird-shadow
bird_194.jpg,bird-shadow
bird_195.jpg,bird-shadow
bird_196.jpg,bird-shadow
bird_197.jpg,bird-shadow
bird_198.jpg,bird-shadow
bird_199.jpg,bird-shadow
bird_200.jpg,bird-shadow
bird_201.jpg,bird-shadow
bird_202.jpg,bird-shadow
bird_203.jpg,bird-shadow
bird_204.jpg,bird-shadow
bird_205.jpg,bird-shadow
bird_206.jpg,bird-shadow
bird_207.jpg,bird-shadow
bird_208.jpg,bird-shadow
bird_209.jpg,bird-shadow
bird_210.jpg,bird-shadow
bird_211.jpg,bird-shadow
bird_212.jpg,bird-shadow
bird_213.jpg,bird-shadow
bird_214.jpg,bird-shadow
bird_215.jpg,bird-shadow
bird_216.jpg,bird-shadow
bird_217.jpg,bird-shadow
bird_218.jpg,bird-shadow
bird_219.jpg,bird-shadow
bird_220.jpg,bird-shadow
bird_221.jpg,bird-shadow
bird_222.jpg,bird-shadow
bird_223.jpg,bird-shadow
bird_224.jpg,bird-shadow
bird_225.jpg,bird-shadow
bird_226.jpg,bird-shadow
bird_227.jpg,bird-shadow
bird_228.jpg,bird-shadow
bird_229.jpg,bird-shadow
bird_230.jpg,bird-shadow
bird_231.jpg,bird-shadow
bird_232.jpg,bird-shadow
bird_233.jpg,bird-shadow
bird_234.jpg,bird-shadow
bird_235.jpg,bird-shadow
bird_236.jpg,bird-shadow
bird_237.jpg,bird-shadow
bird_238.jpg,bird-shadow
bird_239.jpg,bird-shadow
bird_240.jpg,bird-shadow
bird_241.jpg,bird-shadow
bird_242.jpg,bird-shadow
bird_243.jpg,bird-shadow
bird_244.jpg,bird-shadow
bird_245.jpg,bird-shadow
bird_246.jpg,bird-shadow
bird_247.jpg,bird-shadow
bird_248.jpg,bird-shadow
bird_249.jpg,bird-shadow
bird_250.jpg,bird-shadow
bird_251.jpg,bird-shadow
bird_252.jpg,bird-shadow
bird_253.jpg,bird-shadow
bird_254.jpg,bird-shadow
bird_255.jpg,bird-shadow
bird_256.jpg,bird-shadow
bird_257.jpg,bird-shadow
bird_258.jpg,bird-shadow
bird_259.jpg,bird-shadow
bird_260.jpg,bird-shadow
bird_261.jpg,bird-shadow
bird_262.jpg,bird-shadow
bird_263.jpg,bird-shadow
bird_264.jpg,bird-shadow
bird_265.jpg,bird-shadow
bird_266.jpg,bird-shadow
bird_267.jpg,bird-shadow
bird_268.jpg,bird-shadow
bird_269.jpg,bird-shadow
bird_270.jpg,bird-shadow
bird_271.jpg,bird-shadow
bird_272.jpg,bird-shadow
bird_273.jpg,bird-shadow
bird_274.jpg,bird-shadow
bird_275.jpg,bird-shadow
bird_276.jpg,bird-shadow
bird_277.jpg,bird-shadow
bird_278.jpg,bird-shadow
bird_279.jpg,bird-shadow
bird_280.jpg,bird-shadow
bird_281.jpg,bird-shadow
bird_282.jpg,bird-shadow
bird_283.jpg,bird-shadow
bird_284.jpg,bird-shadow
bird_285.jpg,bird-shadow
bird_286.jpg,bird-shadow
bird_287.jpg,bird-shadow
bird_288.jpg,bird-shadow
bird_289.jpg,bird-shadow
bird_290.jpg,bird-shadow
bird_291.jpg,bird-shadow
bird_292.jpg,bird-shadow
bird_293.jpg,bird-shadow
bird_294.jpg,bird-shadow
bird_295.jpg,bird-shadow
bird_296.jpg,bird-shadow
bird_297.jpg,bird-shadow
bird_298.jpg,bird-shadow
bird_299.jpg,bird-shadow
bird_300.jpg,bird-shadow
bird_301.jpg,bird-shadow
bird_302.jpg,bird-shadow
bird_303.jpg,bird-shadow
bird_304.jpg,bird-shadow
bird_305.jpg,bird-shadow
bird_306.jpg,bird-shadow
bird_307.jpg,bird-shadow
bird_308.jpg,bird-shadow
bird_309.jpg,bird-shadow
bird_310.jpg,bird-shadow
bird_311.jpg,bird-shadow
bird_312.jpg,bird-shadow
bird_313.jpg,bird-shadow
bird_314.jpg,bird-shadow
dog_1.jpg,dog-shadow
dog_2.jpg,dog-shadow
dog_3.jpg,dog-shadow
dog_4.jpg,dog-shadow
dog_5.jpg,dog-shadow
dog_6.jpg,dog-shadow
dog_7.jpg,dog-shadow
dog_8.jpg,dog-shadow
dog_9.jpg,dog-shadow
dog_10.jpg,dog-shadow
dog_11.jpg,dog-shadow
dog_12.jpg,dog-shadow
dog_13.jpg,dog-shadow
dog_14.jpg,dog-shadow
dog_15.jpg,dog-shadow
dog_16.jpg,dog-shadow
dog_17.jpg,dog-shadow
dog_18.jpg,dog-shadow
dog_19.jpg,dog-shadow
dog_20.jpg,dog-shadow
dog_21.jpg,dog-shadow
dog_22.jpg,dog-shadow
dog_23.jpg,dog-shadow
dog_24.jpg,dog-shadow
dog_25.jpg,dog-shadow
dog_26.jpg,dog-shadow
dog_27.jpg,dog-shadow
dog_28.jpg,dog-shadow
dog_29.jpg,dog-shadow
dog_30.jpg,dog-shadow
dog_31.jpg,dog-shadow
dog_32.jpg,dog-shadow
dog_33.jpg,dog-shadow
dog_34.jpg,dog-shadow
dog_35.jpg,dog-shadow
dog_36.jpg,dog-shadow
dog_37.jpg,dog-shadow
dog_38.jpg,dog-shadow
dog_39.jpg,dog-shadow
dog_40.jpg,dog-shadow
dog_41.jpg,dog-shadow
dog_42.jpg,dog-shadow
dog_43.jpg,dog-shadow
dog_44.jpg,dog-shadow
dog_45.jpg,dog-shadow
dog_46.jpg,dog-shadow
dog_47.jpg,dog-shadow
dog_48.jpg,dog-shadow
dog_49.jpg,dog-shadow
dog_50.jpg,dog-shadow
dog_51.jpg,dog-shadow
dog_52.jpg,dog-shadow
dog_53.jpg,dog-shadow
dog_54.jpg,dog-shadow
dog_55.jpg,dog-shadow
dog_56.jpg,dog-shadow
dog_57.jpg,dog-shadow
dog_58.jpg,dog-shadow
dog_59.jpg,dog-shadow
dog_60.jpg,dog-shadow
dog_61.jpg,dog-shadow
dog_62.jpg,dog-shadow
dog_63.jpg,dog-shadow
dog_64.jpg,dog-shadow
dog_65.jpg,dog-shadow
dog_66.jpg,dog-shadow
dog_67.jpg,dog-shadow
dog_68.jpg,dog-shadow
dog_69.jpg,dog-shadow
dog_70.jpg,dog-shadow
dog_71.jpg,dog-shadow
dog_72.jpg,dog-shadow
dog_73.jpg,dog-shadow
dog_74.jpg,dog-shadow
dog_75.jpg,dog-shadow
dog_76.jpg,dog-shadow
dog_77.jpg,dog-shadow
dog_78.jpg,dog-shadow
dog_79.jpg,dog-shadow
dog_80.jpg,dog-shadow
dog_81.jpg,dog-shadow
dog_82.jpg,dog-shadow
dog_83.jpg,dog-shadow
dog_84.jpg,dog-shadow
dog_85.jpg,dog-shadow
dog_86.jpg,dog-shadow
dog_87.jpg,dog-shadow
dog_88.jpg,dog-shadow
dog_89.jpg,dog-shadow
dog_90.jpg,dog-shadow
dog_91.jpg,dog-shadow
dog_92.jpg,dog-shadow
dog_93.jpg,dog-shadow
dog_94.jpg,dog-shadow
dog_95.jpg,dog-shadow
dog_96.jpg,dog-shadow
dog_97.jpg,dog-shadow
dog_98.jpg,dog-shadow
dog_99.jpg,dog-shadow
dog_100.jpg,dog-shadow
dog_101.jpg,dog-shadow
dog_102.jpg,dog-shadow
dog_103.jpg,dog-shadow
dog_104.jpg,dog-shadow
dog_105.jpg,dog-shadow
dog_106.jpg,dog-shadow
dog_107.jpg,dog-shadow
dog_108.jpg,dog-shadow
dog_109.jpg,dog-shadow
dog_110.jpg,dog-shadow
dog_111.jpg,dog-shadow
dog_112.jpg,dog-shadow
dog_113.jpg,dog-shadow
dog_114.jpg,dog-shadow
dog_115.jpg,dog-shadow
dog_116.jpg,dog-shadow
dog_117.jpg,dog-shadow
dog_118.jpg,dog-shadow
dog_119.jpg,dog-shadow
dog_120.jpg,dog-shadow
dog_121.jpg,dog-shadow
dog_122.jpg,dog-shadow
dog_123.jpg,dog-shadow
dog_124.jpg,dog-shadow
dog_125.jpg,dog-shadow
dog_126.jpg,dog-shadow
dog_127.jpg,dog-shadow
dog_128.jpg,dog-shadow
dog_129.jpg,dog-shadow
dog_130.jpg,dog-shadow
dog_131.jpg,dog-shadow
dog_132.jpg,dog-shadow
dog_133.jpg,dog-shadow
dog_134.jpg,dog-shadow
dog_135.jpg,dog-shadow
dog_136.jpg,dog-shadow
dog_137.jpg,dog-shadow
dog_138.jpg,dog-shadow
dog_139.jpg,dog-shadow
dog_140.jpg,dog-shadow
dog_141.jpg,dog-shadow
dog_142.jpg,dog-shadow
dog_143.jpg,dog-shadow
dog_144.jpg,dog-shadow
dog_145.jpg,dog-shadow
dog_146.jpg,dog-shadow
dog_147.jpg,dog-shadow
dog_148.jpg,dog-shadow
dog_149.jpg,dog-shadow
dog_150.jpg,dog-shadow
dog_151.jpg,dog-shadow
dog_152.jpg,dog-shadow
dog_153.jpg,dog-shadow
dog_154.jpg,dog-shadow
dog_155.jpg,dog-shadow
dog_156.jpg,dog-shadow
dog_157.jpg,dog-shadow
dog_158.jpg,dog-shadow
dog_159.jpg,dog-shadow
dog_160.jpg,dog-shadow
dog_161.jpg,dog-shadow
dog_162.jpg,dog-shadow
dog_163.jpg,dog-shadow
dog_164.jpg,dog-shadow
dog_165.jpg,dog-shadow
dog_166.jpg,dog-shadow
dog_167.jpg,dog-shadow
dog_168.jpg,dog-shadow
dog_169.jpg,dog-shadow
dog_170.jpg,dog-shadow
dog_171.jpg,dog-shadow
dog_172.jpg,dog-shadow
dog_173.jpg,dog-shadow
dog_174.jpg,dog-shadow
dog_175.jpg,dog-shadow
dog_176.jpg,dog-shadow
dog_177.jpg,dog-shadow
dog_178.jpg,dog-shadow
dog_179.jpg,dog-shadow
dog_180.jpg,dog-shadow
dog_181.jpg,dog-shadow
dog_182.jpg,dog-shadow
dog_183.jpg,dog-shadow
dog_184.jpg,dog-shadow
dog_185.jpg,dog-shadow
dog_186.jpg,dog-shadow
dog_187.jpg,dog-shadow
dog_188.jpg,dog-shadow
dog_189.jpg,dog-shadow
dog_190.jpg,dog-shadow
dog_191.jpg,dog-shadow
dog_192.jpg,dog-shadow
dog_193.jpg,dog-shadow
dog_194.jpg,dog-shadow
dog_195.jpg,dog-shadow
dog_196.jpg,dog-shadow
dog_197.jpg,dog-shadow
dog_198.jpg,dog-shadow
dog_199.jpg,dog-shadow
dog_200.jpg,dog-shadow
dog_201.jpg,dog-shadow
dog_202.jpg,dog-shadow
dog_203.jpg,dog-shadow
dog_204.jpg,dog-shadow
dog_205.jpg,dog-shadow
dog_206.jpg,dog-shadow
dog_207.jpg,dog-shadow
dog_208.jpg,dog-shadow
dog_209.jpg,dog-shadow
dog_210.jpg,dog-shadow
dog_211.jpg,dog-shadow
dog_212.jpg,dog-shadow
dog_213.jpg,dog-shadow
dog_214.jpg,dog-shadow
dog_215.jpg,dog-shadow
dog_216.jpg,dog-shadow
dog_217.jpg,dog-shadow
dog_218.jpg,dog-shadow
dog_219.jpg,dog-shadow
dog_220.jpg,dog-shadow
dog_221.jpg,dog-shadow
dog_222.jpg,dog-shadow
dog_223.jpg,dog-shadow
dog_224.jpg,dog-shadow
dog_225.jpg,dog-shadow
dog_226.jpg,dog-shadow
dog_227.jpg,dog-shadow
dog_228.jpg,dog-shadow
dog_229.jpg,dog-shadow
dog_230.jpg,dog-shadow
dog_231.jpg,dog-shadow
dog_232.jpg,dog-shadow
dog_233.jpg,dog-shadow
dog_234.jpg,dog-shadow
dog_235.jpg,dog-shadow
dog_236.jpg,dog-shadow
dog_237.jpg,dog-shadow
dog_238.jpg,dog-shadow
dog_239.jpg,dog-shadow
dog_240.jpg,dog-shadow
dog_241.jpg,dog-shadow
dog_242.jpg,dog-shadow
dog_243.jpg,dog-shadow
dog_244.jpg,dog-shadow
dog_245.jpg,dog-shadow
dog_246.jpg,dog-shadow
dog_247.jpg,dog-shadow
dog_248.jpg,dog-shadow
dog_249.jpg,dog-shadow
dog_250.jpg,dog-shadow
dog_251.jpg,dog-shadow
dog_252.jpg,dog-shadow
dog_253.jpg,dog-shadow
dog_254.jpg,dog-shadow
dog_255.jpg,dog-shadow
dog_256.jpg,dog-shadow
dog_257.jpg,dog-shadow
dog_258.jpg,dog-shadow
dog_259.jpg,dog-shadow
dog_260.jpg,dog-shadow
dog_261.jpg,dog-shadow
dog_262.jpg,dog-shadow
dog_263.jpg,dog-shadow
dog_264.jpg,dog-shadow
dog_265.jpg,dog-shadow
dog_266.jpg,dog-shadow
dog_267.jpg,dog-shadow
dog_268.jpg,dog-shadow
dog_269.jpg,dog-shadow
dog_270.jpg,dog-shadow
dog_271.jpg,dog-shadow
dog_272.jpg,dog-shadow
dog_273.jpg,dog-shadow
dog_274.jpg,dog-shadow
dog_275.jpg,dog-shadow
dog_276.jpg,dog-shadow
dog_277.jpg,dog-shadow
dog_278.jpg,dog-shadow
dog_279.jpg,dog-shadow
dog_280.jpg,dog-shadow
dog_281.jpg,dog-shadow
dog_282.jpg,dog-shadow
dog_283.jpg,dog-shadow
dog_284.jpg,dog-shadow
dog_285.jpg,dog-shadow
dog_286.jpg,dog-shadow
dog_287.jpg,dog-shadow
dog_288.jpg,dog-shadow
dog_289.jpg,dog-shadow
dog_290.jpg,dog-shadow
dog_291.jpg,dog-shadow
dog_292.jpg,dog-shadow
dog_293.jpg,dog-shadow
dog_294.jpg,dog-shadow
dog_295.jpg,dog-shadow
dog_296.jpg,dog-shadow
dog_297.jpg,dog-shadow
elephant_1.jpg,elephant-shadow
elephant_2.jpg,elephant-shadow
elephant_3.jpg,elephant-shadow
elephant_4.jpg,elephant-shadow
elephant_5.jpg,elephant-shadow
elephant_6.jpg,elephant-shadow
elephant_7.jpg,elephant-shadow
elephant_8.jpg,elephant-shadow
elephant_9.jpg,elephant-shadow
elephant_10.jpg,elephant-shadow
elephant_11.jpg,elephant-shadow
elephant_12.jpg,elephant-shadow
elephant_13.jpg,elephant-shadow
elephant_14.jpg,elephant-shadow
elephant_15.jpg,elephant-shadow
elephant_16.jpg,elephant-shadow
elephant_17.jpg,elephant-shadow
elephant_18.jpg,elephant-shadow
elephant_19.jpg,elephant-shadow
elephant_20.jpg,elephant-shadow
elephant_21.jpg,elephant-shadow
elephant_22.jpg,elephant-shadow
elephant_23.jpg,elephant-shadow
elephant_24.jpg,elephant-shadow
elephant_25.jpg,elephant-shadow
elephant_26.jpg,elephant-shadow
elephant_27.jpg,elephant-shadow
elephant_28.jpg,elephant-shadow
elephant_29.jpg,elephant-shadow
elephant_30.jpg,elephant-shadow
elephant_31.jpg,elephant-shadow
elephant_32.jpg,elephant-shadow
elephant_33.jpg,elephant-shadow
elephant_34.jpg,elephant-shadow
elephant_35.jpg,elephant-shadow
elephant_36.jpg,elephant-shadow
elephant_37.jpg,elephant-shadow
elephant_38.jpg,elephant-shadow
elephant_39.jpg,elephant-shadow
elephant_40.jpg,elephant-shadow
elephant_41.jpg,elephant-shadow
elephant_42.jpg,elephant-shadow
elephant_43.jpg,elephant-shadow
elephant_44.jpg,elephant-shadow
elephant_45.jpg,elephant-shadow
elephant_46.jpg,elephant-shadow
elephant_47.jpg,elephant-shadow
elephant_48.jpg,elephant-shadow
elephant_49.jpg,elephant-shadow
elephant_50.jpg,elephant-shadow
elephant_51.jpg,elephant-shadow
elephant_52.jpg,elephant-shadow
elephant_53.jpg,elephant-shadow
elephant_54.jpg,elephant-shadow
elephant_55.jpg,elephant-shadow
elephant_56.jpg,elephant-shadow
elephant_57.jpg,elephant-shadow
elephant_58.jpg,elephant-shadow
elephant_59.jpg,elephant-shadow
elephant_60.jpg,elephant-shadow
elephant_61.jpg,elephant-shadow
elephant_62.jpg,elephant-shadow
elephant_63.jpg,elephant-shadow
elephant_64.jpg,elephant-shadow
elephant_65.jpg,elephant-shadow
elephant_66.jpg,elephant-shadow
elephant_67.jpg,elephant-shadow
elephant_68.jpg,elephant-shadow
elephant_69.jpg,elephant-shadow
elephant_70.jpg,elephant-shadow
elephant_71.jpg,elephant-shadow
elephant_72.jpg,elephant-shadow
elephant_73.jpg,elephant-shadow
elephant_74.jpg,elephant-shadow
elephant_75.jpg,elephant-shadow
elephant_76.jpg,elephant-shadow
elephant_77.jpg,elephant-shadow
elephant_78.jpg,elephant-shadow
elephant_79.jpg,elephant-shadow
elephant_80.jpg,elephant-shadow
elephant_81.jpg,elephant-shadow
elephant_82.jpg,elephant-shadow
elephant_83.jpg,elephant-shadow
elephant_84.jpg,elephant-shadow
elephant_85.jpg,elephant-shadow
elephant_86.jpg,elephant-shadow
elephant_87.jpg,elephant-shadow
elephant_88.jpg,elephant-shadow
elephant_89.jpg,elephant-shadow
elephant_90.jpg,elephant-shadow
elephant_91.jpg,elephant-shadow
elephant_92.jpg,elephant-shadow
elephant_93.jpg,elephant-shadow
elephant_94.jpg,elephant-shadow
elephant_95.jpg,elephant-shadow
elephant_96.jpg,elephant-shadow
elephant_97.jpg,elephant-shadow
elephant_98.jpg,elephant-shadow
elephant_99.jpg,elephant-shadow
elephant_100.jpg,elephant-shadow
elephant_101.jpg,elephant-shadow
elephant_102.jpg,elephant-shadow
elephant_103.jpg,elephant-shadow
elephant_104.jpg,elephant-shadow
elephant_105.jpg,elephant-shadow
elephant_106.jpg,elephant-shadow
elephant_107.jpg,elephant-shadow
elephant_108.jpg,elephant-shadow
elephant_109.jpg,elephant-shadow
elephant_110.jpg,elephant-shadow
elephant_111.jpg,elephant-shadow
elephant_112.jpg,elephant-shadow
elephant_113.jpg,elephant-shadow
elephant_114.jpg,elephant-shadow
elephant_115.jpg,elephant-shadow
elephant_116.jpg,elephant-shadow
elephant_117.jpg,elephant-shadow
elephant_118.jpg,elephant-shadow
elephant_119.jpg,elephant-shadow
elephant_120.jpg,elephant-shadow
elephant_121.jpg,elephant-shadow
elephant_122.jpg,elephant-shadow
elephant_123.jpg,elephant-shadow
elephant_124.jpg,elephant-shadow
elephant_125.jpg,elephant-shadow
elephant_126.jpg,elephant-shadow
elephant_127.jpg,elephant-shadow
elephant_128.jpg,elephant-shadow
elephant_129.jpg,elephant-shadow
elephant_130.jpg,elephant-shadow
elephant_131.jpg,elephant-shadow
elephant_132.jpg,elephant-shadow
elephant_133.jpg,elephant-shadow
elephant_134.jpg,elephant-shadow
elephant_135.jpg,elephant-shadow
elephant_136.jpg,elephant-shadow
elephant_137.jpg,elephant-shadow
elephant_138.jpg,elephant-shadow
elephant_139.jpg,elephant-shadow
elephant_140.jpg,elephant-shadow
elephant_141.jpg,elephant-shadow
elephant_142.jpg,elephant-shadow
elephant_143.jpg,elephant-shadow
elephant_144.jpg,elephant-shadow
elephant_145.jpg,elephant-shadow
elephant_146.jpg,elephant-shadow
elephant_147.jpg,elephant-shadow
elephant_148.jpg,elephant-shadow
elephant_149.jpg,elephant-shadow
elephant_150.jpg,elephant-shadow
elephant_151.jpg,elephant-shadow
elephant_152.jpg,elephant-shadow
elephant_153.jpg,elephant-shadow
elephant_154.jpg,elephant-shadow
elephant_155.jpg,elephant-shadow
elephant_156.jpg,elephant-shadow
elephant_157.jpg,elephant-shadow
elephant_158.jpg,elephant-shadow
elephant_159.jpg,elephant-shadow
elephant_160.jpg,elephant-shadow
elephant_161.jpg,elephant-shadow
elephant_162.jpg,elephant-shadow
elephant_163.jpg,elephant-shadow
elephant_164.jpg,elephant-shadow
elephant_165.jpg,elephant-shadow
elephant_166.jpg,elephant-shadow
elephant_167.jpg,elephant-shadow
elephant_168.jpg,elephant-shadow
elephant_169.jpg,elephant-shadow
elephant_170.jpg,elephant-shadow
elephant_171.jpg,elephant-shadow
elephant_172.jpg,elephant-shadow
elephant_173.jpg,elephant-shadow
elephant_174.jpg,elephant-shadow
elephant_175.jpg,elephant-shadow
elephant_176.jpg,elephant-shadow
elephant_177.jpg,elephant-shadow
elephant_178.jpg,elephant-shadow
elephant_179.jpg,elephant-shadow
elephant_180.jpg,elephant-shadow
elephant_181.jpg,elephant-shadow
elephant_182.jpg,elephant-shadow
elephant_183.jpg,elephant-shadow
elephant_184.jpg,elephant-shadow
elephant_185.jpg,elephant-shadow
elephant_186.jpg,elephant-shadow
elephant_187.jpg,elephant-shadow
elephant_188.jpg,elephant-shadow
elephant_189.jpg,elephant-shadow
elephant_190.jpg,elephant-shadow
elephant_191.jpg,elephant-shadow
elephant_192.jpg,elephant-shadow
elephant_193.jpg,elephant-shadow
elephant_194.jpg,elephant-shadow
elephant_195.jpg,elephant-shadow
elephant_196.jpg,elephant-shadow
elephant_197.jpg,elephant-shadow
elephant_198.jpg,elephant-shadow
elephant_199.jpg,elephant-shadow
elephant_200.jpg,elephant-shadow
elephant_201.jpg,elephant-shadow
elephant_202.jpg,elephant-shadow
elephant_203.jpg,elephant-shadow
elephant_204.jpg,elephant-shadow
elephant_205.jpg,elephant-shadow
elephant_206.jpg,elephant-shadow
elephant_207.jpg,elephant-shadow
elephant_208.jpg,elephant-shadow
elephant_209.jpg,elephant-shadow
elephant_210.jpg,elephant-shadow
elephant_211.jpg,elephant-shadow
elephant_212.jpg,elephant-shadow
elephant_213.jpg,elephant-shadow
elephant_214.jpg,elephant-shadow
elephant_215.jpg,elephant-shadow
elephant_216.jpg,elephant-shadow
elephant_217.jpg,elephant-shadow
elephant_218.jpg,elephant-shadow
elephant_219.jpg,elephant-shadow
elephant_220.jpg,elephant-shadow
elephant_221.jpg,elephant-shadow
elephant_222.jpg,elephant-shadow
elephant_223.jpg,elephant-shadow
elephant_224.jpg,elephant-shadow
elephant_225.jpg,elephant-shadow
elephant_226.jpg,elephant-shadow
elephant_227.jpg,elephant-shadow
elephant_228.jpg,elephant-shadow
elephant_229.jpg,elephant-shadow
elephant_230.jpg,elephant-shadow
elephant_231.jpg,elephant-shadow
elephant_232.jpg,elephant-shadow
elephant_233.jpg,elephant-shadow
elephant_234.jpg,elephant-shadow
elephant_235.jpg,elephant-shadow
elephant_236.jpg,elephant-shadow
elephant_237.jpg,elephant-shadow
elephant_238.jpg,elephant-shadow
elephant_239.jpg,elephant-shadow
elephant_240.jpg,elephant-shadow
elephant_241.jpg,elephant-shadow
elephant_242.jpg,elephant-shadow
elephant_243.jpg,elephant-shadow
elephant_244.jpg,elephant-shadow
elephant_245.jpg,elephant-shadow
elephant_246.jpg,elephant-shadow
elephant_247.jpg,elephant-shadow
elephant_248.jpg,elephant-shadow
elephant_249.jpg,elephant-shadow
elephant_250.jpg,elephant-shadow
elephant_251.jpg,elephant-shadow
elephant_252.jpg,elephant-shadow
elephant_253.jpg,elephant-shadow
elephant_254.jpg,elephant-shadow
elephant_255.jpg,elephant-shadow
elephant_256.jpg,elephant-shadow
elephant_257.jpg,elephant-shadow
elephant_258.jpg,elephant-shadow
elephant_259.jpg,elephant-shadow
elephant_260.jpg,elephant-shadow
elephant_261.jpg,elephant-shadow
elephant_262.jpg,elephant-shadow
elephant_263.jpg,elephant-shadow
elephant_264.jpg,elephant-shadow
elephant_265.jpg,elephant-shadow
elephant_266.jpg,elephant-shadow
elephant_267.jpg,elephant-shadow
elephant_268.jpg,elephant-shadow
elephant_269.jpg,elephant-shadow
elephant_270.jpg,elephant-shadow
elephant_271.jpg,elephant-shadow
elephant_272.jpg,elephant-shadow
elephant_273.jpg,elephant-shadow
elephant_274.jpg,elephant-shadow
elephant_275.jpg,elephant-shadow
elephant_276.jpg,elephant-shadow
elephant_277.jpg,elephant-shadow
elephant_278.jpg,elephant-shadow
elephant_279.jpg,elephant-shadow
elephant_280.jpg,elephant-shadow
elephant_281.jpg,elephant-shadow
elephant_282.jpg,elephant-shadow
elephant_283.jpg,elephant-shadow
elephant_284.jpg,elephant-shadow
elephant_285.jpg,elephant-shadow
elephant_286.jpg,elephant-shadow
elephant_287.jpg,elephant-shadow
elephant_288.jpg,elephant-shadow
elephant_289.jpg,elephant-shadow
elephant_290.jpg,elephant-shadow
elephant_291.jpg,elephant-shadow
elephant_292.jpg,elephant-shadow
elephant_293.jpg,elephant-shadow
elephant_294.jpg,elephant-shadow
elephant_295.jpg,elephant-shadow
elephant_296.jpg,elephant-shadow
elephant_297.jpg,elephant-shadow
elephant_298.jpg,elephant-shadow
elephant_299.jpg,elephant-shadow
elephant_300.jpg,elephant-shadow
elephant_301.jpg,elephant-shadow
elephant_302.jpg,elephant-shadow
elephant_303.jpg,elephant-shadow
elephant_304.jpg,elephant-shadow
elephant_305.jpg,elephant-shadow
elephant_306.jpg,elephant-shadow
fox_1.jpg,fox-shadow
fox_2.jpg,fox-shadow
fox_3.jpg,fox-shadow
fox_4.jpg,fox-shadow
fox_5.jpg,fox-shadow
fox_6.jpg,fox-shadow
fox_7.jpg,fox-shadow
fox_8.jpg,fox-shadow
fox_9.jpg,fox-shadow
fox_10.jpg,fox-shadow
fox_11.jpg,fox-shadow
fox_12.jpg,fox-shadow
fox_13.jpg,fox-shadow
fox_14.jpg,fox-shadow
fox_15.jpg,fox-shadow
fox_16.jpg,fox-shadow
fox_17.jpg,fox-shadow
fox_18.jpg,fox-shadow
fox_19.jpg,fox-shadow
fox_20.jpg,fox-shadow
fox_21.jpg,fox-shadow
fox_22.jpg,fox-shadow
fox_23.jpg,fox-shadow
fox_24.jpg,fox-shadow
fox_25.jpg,fox-shadow
fox_26.jpg,fox-shadow
fox_27.jpg,fox-shadow
fox_28.jpg,fox-shadow
fox_29.jpg,fox-shadow
fox_30.jpg,fox-shadow
fox_31.jpg,fox-shadow
fox_32.jpg,fox-shadow
fox_33.jpg,fox-shadow
fox_34.jpg,fox-shadow
fox_35.jpg,fox-shadow
fox_36.jpg,fox-shadow
fox_37.jpg,fox-shadow
fox_38.jpg,fox-shadow
fox_39.jpg,fox-shadow
fox_40.jpg,fox-shadow
fox_41.jpg,fox-shadow
fox_42.jpg,fox-shadow
fox_43.jpg,fox-shadow
fox_44.jpg,fox-shadow
fox_45.jpg,fox-shadow
fox_46.jpg,fox-shadow
fox_47.jpg,fox-shadow
fox_48.jpg,fox-shadow
fox_49.jpg,fox-shadow
fox_50.jpg,fox-shadow
fox_51.jpg,fox-shadow
fox_52.jpg,fox-shadow
fox_53.jpg,fox-shadow
fox_54.jpg,fox-shadow
fox_55.jpg,fox-shadow
fox_56.jpg,fox-shadow
fox_57.jpg,fox-shadow
fox_58.jpg,fox-shadow
fox_59.jpg,fox-shadow
fox_60.jpg,fox-shadow
fox_61.jpg,fox-shadow
fox_62.jpg,fox-shadow
fox_63.jpg,fox-shadow
fox_64.jpg,fox-shadow
fox_65.jpg,fox-shadow
fox_66.jpg,fox-shadow
fox_67.jpg,fox-shadow
fox_68.jpg,fox-shadow
fox_69.jpg,fox-shadow
fox_70.jpg,fox-shadow
fox_71.jpg,fox-shadow
fox_72.jpg,fox-shadow
fox_73.jpg,fox-shadow
fox_74.jpg,fox-shadow
fox_75.jpg,fox-shadow
fox_76.jpg,fox-shadow
fox_77.jpg,fox-shadow
fox_78.jpg,fox-shadow
fox_79.jpg,fox-shadow
fox_80.jpg,fox-shadow
fox_81.jpg,fox-shadow
fox_82.jpg,fox-shadow
fox_83.jpg,fox-shadow
fox_84.jpg,fox-shadow
fox_85.jpg,fox-shadow
fox_86.jpg,fox-shadow
fox_87.jpg,fox-shadow
fox_88.jpg,fox-shadow
fox_89.jpg,fox-shadow
fox_90.jpg,fox-shadow
fox_91.jpg,fox-shadow
fox_92.jpg,fox-shadow
fox_93.jpg,fox-shadow
fox_94.jpg,fox-shadow
fox_95.jpg,fox-shadow
fox_96.jpg,fox-shadow
fox_97.jpg,fox-shadow
fox_98.jpg,fox-shadow
fox_99.jpg,fox-shadow
fox_100.jpg,fox-shadow
fox_101.jpg,fox-shadow
fox_102.jpg,fox-shadow
fox_103.jpg,fox-shadow
fox_104.jpg,fox-shadow
fox_105.jpg,fox-shadow
fox_106.jpg,fox-shadow
fox_107.jpg,fox-shadow
fox_108.jpg,fox-shadow
fox_109.jpg,fox-shadow
fox_110.jpg,fox-shadow
fox_111.jpg,fox-shadow
fox_112.jpg,fox-shadow
fox_113.jpg,fox-shadow
fox_114.jpg,fox-shadow
fox_115.jpg,fox-shadow
fox_116.jpg,fox-shadow
fox_117.jpg,fox-shadow
fox_118.jpg,fox-shadow
fox_119.jpg,fox-shadow
fox_120.jpg,fox-shadow
fox_121.jpg,fox-shadow
fox_122.jpg,fox-shadow
fox_123.jpg,fox-shadow
fox_124.jpg,fox-shadow
fox_125.jpg,fox-shadow
fox_126.jpg,fox-shadow
fox_127.jpg,fox-shadow
fox_128.jpg,fox-shadow
fox_129.jpg,fox-shadow
fox_130.jpg,fox-shadow
fox_131.jpg,fox-shadow
fox_132.jpg,fox-shadow
fox_133.jpg,fox-shadow
fox_134.jpg,fox-shadow
fox_135.jpg,fox-shadow
fox_136.jpg,fox-shadow
fox_137.jpg,fox-shadow
fox_138.jpg,fox-shadow
fox_139.jpg,fox-shadow
fox_140.jpg,fox-shadow
fox_141.jpg,fox-shadow
fox_142.jpg,fox-shadow
fox_143.jpg,fox-shadow
fox_144.jpg,fox-shadow
fox_145.jpg,fox-shadow
fox_146.jpg,fox-shadow
fox_147.jpg,fox-shadow
fox_148.jpg,fox-shadow
fox_149.jpg,fox-shadow
fox_150.jpg,fox-shadow
fox_151.jpg,fox-shadow
fox_152.jpg,fox-shadow
fox_153.jpg,fox-shadow
fox_154.jpg,fox-shadow
fox_155.jpg,fox-shadow
fox_156.jpg,fox-shadow
fox_157.jpg,fox-shadow
fox_158.jpg,fox-shadow
fox_159.jpg,fox-shadow
fox_160.jpg,fox-shadow
fox_161.jpg,fox-shadow
fox_162.jpg,fox-shadow
fox_163.jpg,fox-shadow
fox_164.jpg,fox-shadow
fox_165.jpg,fox-shadow
fox_166.jpg,fox-shadow
fox_167.jpg,fox-shadow
fox_168.jpg,fox-shadow
fox_169.jpg,fox-shadow
fox_170.jpg,fox-shadow
fox_171.jpg,fox-shadow
fox_172.jpg,fox-shadow
fox_173.jpg,fox-shadow
fox_174.jpg,fox-shadow
fox_175.jpg,fox-shadow
fox_176.jpg,fox-shadow
fox_177.jpg,fox-shadow
fox_178.jpg,fox-shadow
fox_179.jpg,fox-shadow
fox_180.jpg,fox-shadow
fox_181.jpg,fox-shadow
fox_182.jpg,fox-shadow
fox_183.jpg,fox-shadow
fox_184.jpg,fox-shadow
fox_185.jpg,fox-shadow
fox_186.jpg,fox-shadow
fox_187.jpg,fox-shadow
fox_188.jpg,fox-shadow
fox_189.jpg,fox-shadow
fox_190.jpg,fox-shadow
fox_191.jpg,fox-shadow
fox_192.jpg,fox-shadow
fox_193.jpg,fox-shadow
fox_194.jpg,fox-shadow
fox_195.jpg,fox-shadow
fox_196.jpg,fox-shadow
fox_197.jpg,fox-shadow
fox_198.jpg,fox-shadow
fox_199.jpg,fox-shadow
fox_200.jpg,fox-shadow
fox_201.jpg,fox-shadow
fox_202.jpg,fox-shadow
fox_203.jpg,fox-shadow
fox_204.jpg,fox-shadow
fox_205.jpg,fox-shadow
fox_206.jpg,fox-shadow
fox_207.jpg,fox-shadow
fox_208.jpg,fox-shadow
fox_209.jpg,fox-shadow
fox_210.jpg,fox-shadow
fox_211.jpg,fox-shadow
fox_212.jpg,fox-shadow
fox_213.jpg,fox-shadow
fox_214.jpg,fox-shadow
fox_215.jpg,fox-shadow
fox_216.jpg,fox-shadow
fox_217.jpg,fox-shadow
fox_218.jpg,fox-shadow
fox_219.jpg,fox-shadow
fox_220.jpg,fox-shadow
fox_221.jpg,fox-shadow
fox_222.jpg,fox-shadow
fox_223.jpg,fox-shadow
fox_224.jpg,fox-shadow
fox_225.jpg,fox-shadow
fox_226.jpg,fox-shadow
fox_227.jpg,fox-shadow
fox_228.jpg,fox-shadow
fox_229.jpg,fox-shadow
fox_230.jpg,fox-shadow
fox_231.jpg,fox-shadow
fox_232.jpg,fox-shadow
fox_233.jpg,fox-shadow
fox_234.jpg,fox-shadow
fox_235.jpg,fox-shadow
fox_236.jpg,fox-shadow
fox_237.jpg,fox-shadow
fox_238.jpg,fox-shadow
fox_239.jpg,fox-shadow
fox_240.jpg,fox-shadow
fox_241.jpg,fox-shadow
fox_242.jpg,fox-shadow
fox_243.jpg,fox-shadow
fox_244.jpg,fox-shadow
fox_245.jpg,fox-shadow
fox_246.jpg,fox-shadow
fox_247.jpg,fox-shadow
fox_248.jpg,fox-shadow
fox_249.jpg,fox-shadow
fox_250.jpg,fox-shadow
fox_251.jpg,fox-shadow
fox_252.jpg,fox-shadow
fox_253.jpg,fox-shadow
fox_254.jpg,fox-shadow
fox_255.jpg,fox-shadow
fox_256.jpg,fox-shadow
fox_257.jpg,fox-shadow
fox_258.jpg,fox-shadow
fox_259.jpg,fox-shadow
fox_260.jpg,fox-shadow
fox_261.jpg,fox-shadow
fox_262.jpg,fox-shadow
fox_263.jpg,fox-shadow
fox_264.jpg,fox-shadow
fox_265.jpg,fox-shadow
fox_266.jpg,fox-shadow
fox_267.jpg,fox-shadow
fox_268.jpg,fox-shadow
fox_269.jpg,fox-shadow
fox_270.jpg,fox-shadow
fox_271.jpg,fox-shadow
fox_272.jpg,fox-shadow
fox_273.jpg,fox-shadow
fox_274.jpg,fox-shadow
fox_275.jpg,fox-shadow
fox_276.jpg,fox-shadow
fox_277.jpg,fox-shadow
fox_278.jpg,fox-shadow
fox_279.jpg,fox-shadow
fox_280.jpg,fox-shadow
fox_281.jpg,fox-shadow
fox_282.jpg,fox-shadow
fox_283.jpg,fox-shadow
fox_284.jpg,fox-shadow
fox_285.jpg,fox-shadow
fox_286.jpg,fox-shadow
fox_287.jpg,fox-shadow
fox_288.jpg,fox-shadow
fox_289.jpg,fox-shadow
fox_290.jpg,fox-shadow
fox_291.jpg,fox-shadow
fox_292.jpg,fox-shadow
fox_293.jpg,fox-shadow
fox_294.jpg,fox-shadow
fox_295.jpg,fox-shadow
fox_296.jpg,fox-shadow
fox_297.jpg,fox-shadow
fox_298.jpg,fox-shadow
fox_299.jpg,fox-shadow
fox_300.jpg,fox-shadow
fox_301.jpg,fox-shadow
fox_302.jpg,fox-shadow
fox_303.jpg,fox-shadow
fox_304.jpg,fox-shadow
fox_305.jpg,fox-shadow
fox_306.jpg,fox-shadow
fox_307.jpg,fox-shadow
fox_308.jpg,fox-shadow
fox_309.jpg,fox-shadow
fox_310.jpg,fox-shadow
fox_311.jpg,fox-shadow
fox_312.jpg,fox-shadow
fox_313.jpg,fox-shadow
fox_314.jpg,fox-shadow
fox_315.jpg,fox-shadow
fox_316.jpg,fox-shadow
fox_317.jpg,fox-shadow
fox_318.jpg,fox-shadow
fox_319.jpg,fox-shadow
fox_320.jpg,fox-shadow
fox_321.jpg,fox-shadow
fox_322.jpg,fox-shadow
fox_323.jpg,fox-shadow
fox_324.jpg,fox-shadow
fox_325.jpg,fox-shadow
fox_326.jpg,fox-shadow
fox_327.jpg,fox-shadow
fox_328.jpg,fox-shadow
fox_329.jpg,fox-shadow
fox_330.jpg,fox-shadow
fox_331.jpg,fox-shadow
fox_332.jpg,fox-shadow
fox_333.jpg,fox-shadow
fox_334.jpg,fox-shadow
fox_335.jpg,fox-shadow
fox_336.jpg,fox-shadow
fox_337.jpg,fox-shadow
fox_338.jpg,fox-shadow
fox_339.jpg,fox-shadow
fox_340.jpg,fox-shadow
fox_341.jpg,fox-shadow
fox_342.jpg,fox-shadow
fox_343.jpg,fox-shadow
fox_344.jpg,fox-shadow
fox_345.jpg,fox-shadow
fox_346.jpg,fox-shadow
fox_347.jpg,fox-shadow
fox_348.jpg,fox-shadow
fox_349.jpg,fox-shadow
fox_350.jpg,fox-shadow
fox_351.jpg,fox-shadow
fox_352.jpg,fox-shadow
fox_353.jpg,fox-shadow
fox_354.jpg,fox-shadow
fox_355.jpg,fox-shadow
fox_356.jpg,fox-shadow
fox_357.jpg,fox-shadow
fox_358.jpg,fox-shadow
fox_359.jpg,fox-shadow
fox_360.jpg,fox-shadow
fox_361.jpg,fox-shadow
fox_362.jpg,fox-shadow
fox_363.jpg,fox-shadow
fox_364.jpg,fox-shadow
fox_365.jpg,fox-shadow
fox_366.jpg,fox-shadow
fox_367.jpg,fox-shadow
fox_368.jpg,fox-shadow
fox_369.jpg,fox-shadow
fox_370.jpg,fox-shadow
fox_371.jpg,fox-shadow
fox_372.jpg,fox-shadow
fox_373.jpg,fox-shadow
fox_374.jpg,fox-shadow
fox_375.jpg,fox-shadow
fox_376.jpg,fox-shadow
fox_377.jpg,fox-shadow
fox_378.jpg,fox-shadow
fox_379.jpg,fox-shadow
fox_380.jpg,fox-shadow
fox_381.jpg,fox-shadow
fox_382.jpg,fox-shadow
fox_383.jpg,fox-shadow
fox_384.jpg,fox-shadow
fox_385.jpg,fox-shadow
fox_386.jpg,fox-shadow
fox_387.jpg,fox-shadow
fox_388.jpg,fox-shadow
fox_389.jpg,fox-shadow
fox_390.jpg,fox-shadow
fox_391.jpg,fox-shadow
fox_392.jpg,fox-shadow
fox_393.jpg,fox-shadow
fox_394.jpg,fox-shadow
fox_395.jpg,fox-shadow
fox_396.jpg,fox-shadow
fox_397.jpg,fox-shadow
fox_398.jpg,fox-shadow
fox_399.jpg,fox-shadow
fox_400.jpg,fox-shadow
fox_401.jpg,fox-shadow
fox_402.jpg,fox-shadow
fox_403.jpg,fox-shadow
fox_404.jpg,fox-shadow
fox_405.jpg,fox-shadow
fox_406.jpg,fox-shadow
fox_407.jpg,fox-shadow
fox_408.jpg,fox-shadow
fox_409.jpg,fox-shadow
fox_410.jpg,fox-shadow
fox_411.jpg,fox-shadow
fox_412.jpg,fox-shadow
fox_413.jpg,fox-shadow
fox_414.jpg,fox-shadow
fox_415.jpg,fox-shadow
fox_416.jpg,fox-shadow
fox_417.jpg,fox-shadow
fox_418.jpg,fox-shadow
fox_419.jpg,fox-shadow
fox_420.jpg,fox-shadow
fox_421.jpg,fox-shadow
fox_422.jpg,fox-shadow
fox_423.jpg,fox-shadow
fox_424.jpg,fox-shadow
fox_425.jpg,fox-shadow
fox_426.jpg,fox-shadow
fox_427.jpg,fox-shadow
fox_428.jpg,fox-shadow
fox_429.jpg,fox-shadow
fox_430.jpg,fox-shadow
fox_431.jpg,fox-shadow
fox_432.jpg,fox-shadow
fox_433.jpg,fox-shadow
fox_434.jpg,fox-shadow
fox_435.jpg,fox-shadow
fox_436.jpg,fox-shadow
fox_437.jpg,fox-shadow
fox_438.jpg,fox-shadow
swan_1.jpg,swan-shadow
swan_2.jpg,swan-shadow
swan_3.jpg,swan-shadow
swan_4.jpg,swan-shadow
swan_5.jpg,swan-shadow
swan_6.jpg,swan-shadow
swan_7.jpg,swan-shadow
swan_8.jpg,swan-shadow
swan_9.jpg,swan-shadow
swan_10.jpg,swan-shadow
swan_11.jpg,swan-shadow
swan_12.jpg,swan-shadow
swan_13.jpg,swan-shadow
swan_14.jpg,swan-shadow
swan_15.jpg,swan-shadow
swan_16.jpg,swan-shadow
swan_17.jpg,swan-shadow
swan_18.jpg,swan-shadow
swan_19.jpg,swan-shadow
swan_20.jpg,swan-shadow
swan_21.jpg,swan-shadow
swan_22.jpg,swan-shadow
swan_23.jpg,swan-shadow
swan_24.jpg,swan-shadow
swan_25.jpg,swan-shadow
swan_26.jpg,swan-shadow
swan_27.jpg,swan-shadow
swan_28.jpg,swan-shadow
swan_29.jpg,swan-shadow
swan_30.jpg,swan-shadow
swan_31.jpg,swan-shadow
swan_32.jpg,swan-shadow
swan_33.jpg,swan-shadow
swan_34.jpg,swan-shadow
swan_35.jpg,swan-shadow
swan_36.jpg,swan-shadow
swan_37.jpg,swan-shadow
swan_38.jpg,swan-shadow
swan_39.jpg,swan-shadow
swan_40.jpg,swan-shadow
swan_41.jpg,swan-shadow
swan_42.jpg,swan-shadow
swan_43.jpg,swan-shadow
swan_44.jpg,swan-shadow
swan_45.jpg,swan-shadow
swan_46.jpg,swan-shadow
swan_47.jpg,swan-shadow
swan_48.jpg,swan-shadow
swan_49.jpg,swan-shadow
swan_50.jpg,swan-shadow
swan_51.jpg,swan-shadow
swan_52.jpg,swan-shadow
swan_53.jpg,swan-shadow
swan_54.jpg,swan-shadow
swan_55.jpg,swan-shadow
swan_56.jpg,swan-shadow
swan_57.jpg,swan-shadow
swan_58.jpg,swan-shadow
swan_59.jpg,swan-shadow
swan_60.jpg,swan-shadow
swan_61.jpg,swan-shadow
swan_62.jpg,swan-shadow
swan_63.jpg,swan-shadow
swan_64.jpg,swan-shadow
swan_65.jpg,swan-shadow
swan_66.jpg,swan-shadow
swan_67.jpg,swan-shadow
swan_68.jpg,swan-shadow
swan_69.jpg,swan-shadow
swan_70.jpg,swan-shadow
swan_71.jpg,swan-shadow
swan_72.jpg,swan-shadow
swan_73.jpg,swan-shadow
swan_74.jpg,swan-shadow
swan_75.jpg,swan-shadow
swan_76.jpg,swan-shadow
swan_77.jpg,swan-shadow
swan_78.jpg,swan-shadow
swan_79.jpg,swan-shadow
swan_80.jpg,swan-shadow
swan_81.jpg,swan-shadow
swan_82.jpg,swan-shadow
swan_83.jpg,swan-shadow
swan_84.jpg,swan-shadow
swan_85.jpg,swan-shadow
swan_86.jpg,swan-shadow
swan_87.jpg,swan-shadow
swan_88.jpg,swan-shadow
swan_89.jpg,swan-shadow
swan_90.jpg,swan-shadow
swan_91.jpg,swan-shadow
swan_92.jpg,swan-shadow
swan_93.jpg,swan-shadow
swan_94.jpg,swan-shadow
swan_95.jpg,swan-shadow
swan_96.jpg,swan-shadow
swan_97.jpg,swan-shadow
swan_98.jpg,swan-shadow
swan_99.jpg,swan-shadow
swan_100.jpg,swan-shadow
swan_101.jpg,swan-shadow
swan_102.jpg,swan-shadow
swan_103.jpg,swan-shadow
swan_104.jpg,swan-shadow
swan_105.jpg,swan-shadow
swan_106.jpg,swan-shadow
swan_107.jpg,swan-shadow
swan_108.jpg,swan-shadow
swan_109.jpg,swan-shadow
swan_110.jpg,swan-shadow
swan_111.jpg,swan-shadow
swan_112.jpg,swan-shadow
swan_113.jpg,swan-shadow
swan_114.jpg,swan-shadow
swan_115.jpg,swan-shadow
swan_116.jpg,swan-shadow
swan_117.jpg,swan-shadow
swan_118.jpg,swan-shadow
swan_119.jpg,swan-shadow
swan_120.jpg,swan-shadow
swan_121.jpg,swan-shadow
swan_122.jpg,swan-shadow
swan_123.jpg,swan-shadow
swan_124.jpg,swan-shadow
swan_125.jpg,swan-shadow
swan_126.jpg,swan-shadow
swan_127.jpg,swan-shadow
swan_128.jpg,swan-shadow
swan_129.jpg,swan-shadow
swan_130.jpg,swan-shadow
swan_131.jpg,swan-shadow
swan_132.jpg,swan-shadow
swan_133.jpg,swan-shadow
swan_134.jpg,swan-shadow
swan_135.jpg,swan-shadow
swan_136.jpg,swan-shadow
swan_137.jpg,swan-shadow
swan_138.jpg,swan-shadow
swan_139.jpg,swan-shadow
swan_140.jpg,swan-shadow
swan_141.jpg,swan-shadow
swan_142.jpg,swan-shadow
swan_143.jpg,swan-shadow
swan_144.jpg,swan-shadow
swan_145.jpg,swan-shadow
swan_146.jpg,swan-shadow
swan_147.jpg,swan-shadow
swan_148.jpg,swan-shadow
swan_149.jpg,swan-shadow
swan_150.jpg,swan-shadow
swan_151.jpg,swan-shadow
swan_152.jpg,swan-shadow
swan_153.jpg,swan-shadow
swan_154.jpg,swan-shadow
swan_155.jpg,swan-shadow
swan_156.jpg,swan-shadow
swan_157.jpg,swan-shadow
swan_158.jpg,swan-shadow
swan_159.jpg,swan-shadow
swan_160.jpg,swan-shadow
swan_161.jpg,swan-shadow
swan_162.jpg,swan-shadow
swan_163.jpg,swan-shadow
swan_164.jpg,swan-shadow
swan_165.jpg,swan-shadow
swan_166.jpg,swan-shadow
swan_167.jpg,swan-shadow
swan_168.jpg,swan-shadow
swan_169.jpg,swan-shadow
swan_170.jpg,swan-shadow
swan_171.jpg,swan-shadow
swan_172.jpg,swan-shadow
swan_173.jpg,swan-shadow
swan_174.jpg,swan-shadow
swan_175.jpg,swan-shadow
swan_176.jpg,swan-shadow
swan_177.jpg,swan-shadow
swan_178.jpg,swan-shadow
swan_179.jpg,swan-shadow
swan_180.jpg,swan-shadow
swan_181.jpg,swan-shadow
swan_182.jpg,swan-shadow
swan_183.jpg,swan-shadow
swan_184.jpg,swan-shadow
swan_185.jpg,swan-shadow
swan_186.jpg,swan-shadow
swan_187.jpg,swan-shadow
swan_188.jpg,swan-shadow
swan_189.jpg,swan-shadow
swan_190.jpg,swan-shadow
swan_191.jpg,swan-shadow
swan_192.jpg,swan-shadow
swan_193.jpg,swan-shadow
swan_194.jpg,swan-shadow
swan_195.jpg,swan-shadow
swan_196.jpg,swan-shadow
swan_197.jpg,swan-shadow
swan_198.jpg,swan-shadow
swan_199.jpg,swan-shadow
swan_200.jpg,swan-shadow
swan_201.jpg,swan-shadow
swan_202.jpg,swan-shadow
swan_203.jpg,swan-shadow
swan_204.jpg,swan-shadow
swan_205.jpg,swan-shadow
swan_206.jpg,swan-shadow
swan_207.jpg,swan-shadow
swan_208.jpg,swan-shadow
swan_209.jpg,swan-shadow
swan_210.jpg,swan-shadow
swan_211.jpg,swan-shadow
swan_212.jpg,swan-shadow
swan_213.jpg,swan-shadow
swan_214.jpg,swan-shadow
swan_215.jpg,swan-shadow
swan_216.jpg,swan-shadow
swan_217.jpg,swan-shadow
swan_218.jpg,swan-shadow
swan_219.jpg,swan-shadow
swan_220.jpg,swan-shadow
swan_221.jpg,swan-shadow
swan_222.jpg,swan-shadow
swan_223.jpg,swan-shadow
swan_224.jpg,swan-shadow
swan_225.jpg,swan-shadow
swan_226.jpg,swan-shadow
swan_227.jpg,swan-shadow
swan_228.jpg,swan-shadow
swan_229.jpg,swan-shadow
swan_230.jpg,swan-shadow
swan_231.jpg,swan-shadow
swan_232.jpg,swan-shadow
swan_233.jpg,swan-shadow
swan_234.jpg,swan-shadow
swan_235.jpg,swan-shadow
swan_236.jpg,swan-shadow
swan_237.jpg,swan-shadow
swan_238.jpg,swan-shadow
swan_239.jpg,swan-shadow
swan_240.jpg,swan-shadow
swan_241.jpg,swan-shadow
swan_242.jpg,swan-shadow
swan_243.jpg,swan-shadow
swan_244.jpg,swan-shadow
swan_245.jpg,swan-shadow
swan_246.jpg,swan-shadow
swan_247.jpg,swan-shadow
swan_248.jpg,swan-shadow
swan_249.jpg,swan-shadow
swan_250.jpg,swan-shadow
swan_251.jpg,swan-shadow
swan_252.jpg,swan-shadow
swan_253.jpg,swan-shadow
swan_254.jpg,swan-shadow
swan_255.jpg,swan-shadow
swan_256.jpg,swan-shadow
swan_257.jpg,swan-shadow
swan_258.jpg,swan-shadow
swan_259.jpg,swan-shadow
swan_260.jpg,swan-shadow
swan_261.jpg,swan-shadow
swan_262.jpg,swan-shadow
swan_263.jpg,swan-shadow
swan_264.jpg,swan-shadow
swan_265.jpg,swan-shadow
swan_266.jpg,swan-shadow
swan_267.jpg,swan-shadow
swan_268.jpg,swan-shadow
swan_269.jpg,swan-shadow
swan_270.jpg,swan-shadow
swan_271.jpg,swan-shadow
swan_272.jpg,swan-shadow
swan_273.jpg,swan-shadow
swan_274.jpg,swan-shadow
swan_275.jpg,swan-shadow
swan_276.jpg,swan-shadow
swan_277.jpg,swan-shadow
swan_278.jpg,swan-shadow
swan_279.jpg,swan-shadow
swan_280.jpg,swan-shadow
swan_281.jpg,swan-shadow
swan_282.jpg,swan-shadow
swan_283.jpg,swan-shadow
swan_284.jpg,swan-shadow
swan_285.jpg,swan-shadow
swan_286.jpg,swan-shadow
swan_287.jpg,swan-shadow
swan_288.jpg,swan-shadow
swan_289.jpg,swan-shadow
swan_290.jpg,swan-shadow
swan_291.jpg,swan-shadow
swan_292.jpg,swan-shadow
swan_293.jpg,swan-shadow
swan_294.jpg,swan-shadow
swan_295.jpg,swan-shadow
swan_296.jpg,swan-shadow
swan_297.jpg,swan-shadow
swan_298.jpg,swan-shadow
swan_299.jpg,swan-shadow
swan_300.jpg,swan-shadow
swan_301.jpg,swan-shadow
swan_302.jpg,swan-shadow
swan_303.jpg,swan-shadow
swan_304.jpg,swan-shadow
swan_305.jpg,swan-shadow
swan_306.jpg,swan-shadow
swan_307.jpg,swan-shadow
swan_308.jpg,swan-shadow
swan_309.jpg,swan-shadow
swan_310.jpg,swan-shadow
swan_311.jpg,swan-shadow
swan_312.jpg,swan-shadow
swan_313.jpg,swan-shadow
swan_314.jpg,swan-shadow
swan_315.jpg,swan-shadow
swan_316.jpg,swan-shadow
swan_317.jpg,swan-shadow
swan_318.jpg,swan-shadow
swan_319.jpg,swan-shadow
swan_320.jpg,swan-shadow
swan_321.jpg,swan-shadow
swan_322.jpg,swan-shadow
swan_323.jpg,swan-shadow
swan_324.jpg,swan-shadow
swan_325.jpg,swan-shadow
swan_326.jpg,swan-shadow
swan_327.jpg,swan-shadow
swan_328.jpg,swan-shadow
swan_329.jpg,swan-shadow
swan_330.jpg,swan-shadow
swan_331.jpg,swan-shadow
